Наименование,Старая цена,Цена со скидкой,Скидка
Кроссовки Nike WMNS Air Max 270,16 990 ₽,11 890 ₽,-30%
Кроссовки Nike Air Max 2090,15 990 ₽,11 190 ₽,-30%
Кроссовки Nike WMNS Air Max 90,16 990 ₽,11 890 ₽,-30%
Кроссовки Mizuno RHRN,26 990 ₽,18 890 ₽,-30%
Кроссовки Nike AIr Max 270,16 990 ₽,11 890 ₽,-30%
Кроссовки PUMA TRC Blaze The Tringle,14 990 ₽,10 490 ₽,-30%
Кроссовки Nike Air Max 90 LTR,15 990 ₽,12 790 ₽,-20%
Кроссовки Nike WMNS Air Max 270,16 990 ₽,11 890 ₽,-30%
Кроссовки Nike Air Max 95 Essential,19 990 ₽,13 990 ₽,-30%
Кроссовки Nike Air Max 90 LTR (GS),12 990 ₽,9 090 ₽,-30%
Кроссовки Nike Air Max 90 LTR (GS),12 990 ₽,10 390 ₽,-20%
Кроссовки Nike Air Max 2090 (GS),13 990 ₽,9 790 ₽,-30%
Кроссовки PUMA Blaze of Glory Reverse Classics,15 990 ₽,9 590 ₽,-40%
Кроссовки PUMA Blaze of Glory Reverse Classics,15 990 ₽,9 590 ₽,-40%
Кроссовки PUMA Kosmo Rider DC5,13 490 ₽,9 440 ₽,-30%
Кроссовки PUMA Cali Dream,11 490 ₽,6 890 ₽,-40%
Рубашка Converse Colorblocked Button Shirt,9 800 ₽,6 860 ₽,-30%
Рубашка Converse Colorblocked Button Shirt,9 800 ₽,6 860 ₽,-30%
Кеды Converse x Thisisneverthat One Star OX,11 100 ₽,6 660 ₽,-40%
Кеды Converse Louie Lopez Pro OX,11 700 ₽,7 020 ₽,-40%
Кроссовки PUMA x AMI Slipstream Mid,18 990 ₽,11 390 ₽,-40%
Кеды Converse Louie Lopez Pro OX,11 700 ₽,8 190 ₽,-30%
Кеды Converse One Star Pro OX,12 300 ₽,8 600 ₽,-30%
Кеды Converse One Star OX,14 300 ₽,10 000 ₽,-30%
Кеды Converse Chuck 70 Hi,16 100 ₽,11 300 ₽,-30%
Кеды Converse Chuck 70 Hi,16 100 ₽,11 300 ₽,-30%
Кроссовки Reebok Club C 85,12 990 ₽,7 790 ₽,-40%
Кроссовки adidas Originals Continental 80,10 990 ₽,6 590 ₽,-40%
Кроссовки adidas Originals x Disney Stan Smith W,10 990 ₽,6 590 ₽,-40%
Кроссовки adidas Originals Superstar 82,16 490 ₽,13 190 ₽,-20%
Ботинки Clarks Wallabee Boot,20 690 ₽,14 480 ₽,-30%
Толстовка Nike ACG Therma-FIT Crew,11 490 ₽,9 190 ₽,-20%
Кроссовки PUMA Suede Mayu Slip-On Ith Wns,10 990 ₽,6 590 ₽,-40%
Кроссовки PUMA Suede Mayu Slip-On Ith Wns,10 990 ₽,6 590 ₽,-40%
Кроссовки PUMA Slipstream Lo Beast,12 990 ₽,7 790 ₽,-40%
Кроссовки New Balance 327,18 990 ₽,15 190 ₽,-20%
Кроссовки New Balance 327,18 990 ₽,15 190 ₽,-20%
Кроссовки New Balance 327,19 990 ₽,15 990 ₽,-20%
Кроссовки New Balance 327,19 990 ₽,15 990 ₽,-20%
Кроссовки New Balance 574,17 990 ₽,14 390 ₽,-20%
Ботинки Clarks Wallabee Vegan,19 490 ₽,13 640 ₽,-30%
Ботинки Clarks Wallabee,20 490 ₽,14 340 ₽,-30%
Ботинки Clarks Wallabee GTX,25 990 ₽,18 190 ₽,-30%
Кеды Converse One Star Pro OX,12 900 ₽,9 030 ₽,-30%
Толстовка Jordan Essentials Fleece Hoodie,8 040 ₽,6 430 ₽,-20%
Футболка Jordan 23 Engineered Graphic T-Shirt,4 940 ₽,3 950 ₽,-20%
Футболка Jordan Heritage Boxy Graphic T-Shirt,4 590 ₽,3 670 ₽,-20%
Кроссовки Nike WMNS Air Huarache,14 130 ₽,9 890 ₽,-30%
Куртка Nike ACG Therma-FIT ADV,21 260 ₽,17 010 ₽,-20%
Кроссовки adidas Originals Forum Tech Boost x XBOX,16 090 ₽,9 650 ₽,-40%
Кроссовки Nike Free Terra Vista,12 980 ₽,9 090 ₽,-30%
Лонгслив adidas Originals Paradigm Jersey,6 890 ₽,4 820 ₽,-30%
Кроссовки Diadora Intrepid Operation,20 110 ₽,14 080 ₽,-30%
Кроссовки Diadora Eclipse Cluedo,20 110 ₽,14 080 ₽,-30%
Кроссовки Roa x Brain Dead Neal,34 490 ₽,24 140 ₽,-30%
Кроссовки Roa Andreas,40 000 ₽,28 000 ₽,-30%
Ботинки Dr. Martens 2976 YS,21 740 ₽,15 220 ₽,-30%
Кроссовки Reebok NPC AFF SB,8 490 ₽,4 250 ₽,-50%
Кроссовки ASICS Gel-Lyte III OG,12 640 ₽,7 580 ₽,-40%
Рубашка Butter Goods Chore Jacket,13 790 ₽,9 650 ₽,-30%
Толстовка Butter Goods Crewneck Logo,12 180 ₽,8 530 ₽,-30%
Толстовка Butter Goods Wordmark Hoodie,10 340 ₽,7 240 ₽,-30%
Толстовка Butter Goods Wordmark Hoodie,10 340 ₽,7 240 ₽,-30%
Толстовка Butter Goods High Hoodie,12 180 ₽,8 530 ₽,-30%
Толстовка Butter Goods High Hoodie,12 180 ₽,8 530 ₽,-30%
Толстовка Butter Goods Balloons Hoodie,10 340 ₽,7 240 ₽,-30%
Толстовка Butter Goods Vine Hoodie,10 340 ₽,7 240 ₽,-30%
Толстовка Butter Goods Equipment Hoodie,12 180 ₽,8 530 ₽,-30%
Толстовка Butter Goods Equipment Hoodie,12 180 ₽,8 530 ₽,-30%
Футболка Butter Goods Vine Tee,6 040 ₽,4 230 ₽,-30%
Футболка Butter Goods Wordmark Tee,6 040 ₽,4 230 ₽,-30%
Футболка Butter Goods Organic Tee,6 890 ₽,4 820 ₽,-30%
Футболка Butter Goods Organic Tee,6 890 ₽,4 820 ₽,-30%
Футболка Butter Goods Wordmark Puff Tee,6 040 ₽,4 230 ₽,-30%
Футболка Butter Goods Wordmark Puff Tee,6 040 ₽,4 230 ₽,-30%
Футболка Butter Goods Balloons Logo Tee,6 040 ₽,4 230 ₽,-30%
Футболка Butter Goods Balloons Logo Tee,6 040 ₽,4 230 ₽,-30%
Футболка Butter Goods Enjoy The Ride Tee,6 040 ₽,4 230 ₽,-30%
Футболка Butter Goods Enjoy The Ride Tee,6 040 ₽,4 230 ₽,-30%
Футболка Butter Goods Jumble T-Shirt,6 040 ₽,4 230 ₽,-30%
Футболка Butter Goods Jumble T-Shirt,6 040 ₽,4 230 ₽,-30%
Футболка Butter Goods Heavyweight Tee,6 890 ₽,4 820 ₽,-30%
Футболка Butter Goods Heavyweight Tee,6 890 ₽,4 820 ₽,-30%
Футболка Butter Goods Chase Stripe Tee,6 660 ₽,4 660 ₽,-30%
Рубашка Butter Goods Patchwork Plaid Overshirt Jacket,13 790 ₽,9 650 ₽,-30%
Толстовка Butter Goods Jumble Embroidered Hoodie,12 180 ₽,8 530 ₽,-30%
Толстовка Butter Goods Jumble Embroidered Hoodie,12 180 ₽,8 530 ₽,-30%
Толстовка Butter Goods Sherpa Zip Thru Jacket,17 240 ₽,12 070 ₽,-30%
Ботинки DC SHOES Navigator,11 490 ₽,8 040 ₽,-30%
Ботинки DC SHOES Navigator,11 490 ₽,8 040 ₽,-30%
Кроссовки Nike BE-DO-WIN SP,13 210 ₽,7 930 ₽,-40%
Кеды Converse Chuck Taylor All Star Lugged Winter 2.0,12 770 ₽,8 940 ₽,-30%
Толстовка Nike Solo Swoosh Hood,9 420 ₽,6 590 ₽,-30%
Кроссовки Nike ACG Air Mowabb,17 810 ₽,10 690 ₽,-40%
Кроссовки Nike ACG Air Mowabb,17 810 ₽,10 690 ₽,-40%
Кроссовки Nike ACG Air Mowabb,17 810 ₽,10 690 ₽,-40%
Кроссовки Nike ACG Mountain Fly Gore-tex,22 990 ₽,13 790 ₽,-40%
Куртка Nike Sportswear Therma-Fit Jacket,14 940 ₽,10 460 ₽,-30%
Куртка Nike Lab Solo Swoosh Satin Bomber Jacket,19 540 ₽,13 680 ₽,-30%
Куртка Nike Lab Solo Swoosh Satin Bomber Jacket,19 540 ₽,13 680 ₽,-30%
Кроссовки Saucony Shadow 6000,18 570 ₽,11 140 ₽,-40%
Толстовка PUMA Hoodie x Maison Kitsune,12 060 ₽,9 650 ₽,-20%
Толстовка PUMA Crew x Maison Kitsune,12 640 ₽,10 110 ₽,-20%
Толстовка PUMA Crew x Maison Kitsune,12 640 ₽,10 110 ₽,-20%
Футболка PUMA Tee x Maison Kitsune,6 310 ₽,5 050 ₽,-20%
Футболка PUMA Tee x Maison Kitsune,6 310 ₽,5 050 ₽,-20%
Футболка PUMA Tee x Maison Kitsune,6 310 ₽,5 050 ₽,-20%
Толстовка adidas Originals Jeremy Scott Crop Hood W,7 190 ₽,3 600 ₽,-50%
Ботинки Roa Andreas,34 000 ₽,23 800 ₽,-30%
Ботинки Roa Andreas,32 000 ₽,22 400 ₽,-30%
Ботинки Roa Andreas,35 000 ₽,24 500 ₽,-30%
Ботинки Roa Neal,25 000 ₽,17 500 ₽,-30%
Кроссовки Nike BE-DO-WIN,13 210 ₽,7 930 ₽,-40%
Куртка Carhartt WIP Trapper Parka,32 780 ₽,22 950 ₽,-30%
Куртка Carhartt WIP Trapper Parka,32 780 ₽,22 950 ₽,-30%
Кроссовки Nike Free Run Trail,12 410 ₽,8 690 ₽,-30%
Кроссовки Reebok CL Leather,10 570 ₽,6 340 ₽,-40%
Толстовка Alpha Industries ESSENTIAL ХУДИ,7 100 ₽,4 260 ₽,-40%
Кроссовки DC SHOES Pure WNT,8 630 ₽,6 040 ₽,-30%
Кроссовки PUMA RS-Z P. Uni,12 060 ₽,7 240 ₽,-40%
Куртка Nike NOCTA Golf 1/2-Zip Jacket,53 460 ₽,37 420 ₽,-30%
Куртка Carhartt WIP Detroit Tuscon Jacket,34 960 ₽,24 470 ₽,-30%
Свитер Carhartt WIP Triple Sweater,13 510 ₽,10 810 ₽,-20%
Кроссовки Nike WMNS Air Huarache,13 990 ₽,9 790 ₽,-30%
Поло Nike x Drake NOCTA NRG AU Dri-Fit Printed,9 190 ₽,7 350 ₽,-20%
Шорты Nike x Undercover NRG UBA,10 340 ₽,7 240 ₽,-30%
Кроссовки Jordan 11 Retro Low IE,18 160 ₽,14 530 ₽,-20%
Куртка Nike Dri-FIT ACG Happy Arachnid Top,13 790 ₽,11 030 ₽,-20%
Кроссовки Reebok Zig Devil Kinetica,13 790 ₽,8 270 ₽,-40%
Кроссовки DC SHOES BASQ Lynx Zero,8 040 ₽,5 630 ₽,-30%
Кроссовки Nike WMNS Air Max Pre-Day LX,14 710 ₽,8 830 ₽,-40%
Кроссовки Nike Air Max Pre-Day LX,13 210 ₽,7 930 ₽,-40%
Кроссовки Nike Air Max 95 QS,18 730 ₽,11 240 ₽,-40%
Кроссовки Nike ACG Air Mowabb,16 660 ₽,10 000 ₽,-40%
Кроссовки Nike ACG Air Mowabb,16 660 ₽,10 000 ₽,-40%
Кроссовки Nike ACG Air Nasu 2,10 790 ₽,6 470 ₽,-40%
Кроссовки Nike ACG Mountain Fly Low,18 730 ₽,11 240 ₽,-40%
Кроссовки Nike ACG Mountain Fly Low,18 730 ₽,11 240 ₽,-40%
Брюки Butter Goods Foley Cargo Pants,14 360 ₽,10 050 ₽,-30%
Брюки Butter Goods Summit Cargo Pants,13 100 ₽,9 170 ₽,-30%
Брюки Butter Goods Herringbone Work Pants,12 540 ₽,8 780 ₽,-30%
Футболка Butter Goods Equipment Tee,6 330 ₽,5 060 ₽,-20%
Футболка Butter Goods Equipment Tee,6 330 ₽,5 060 ₽,-20%
Футболка Butter Goods Equipment Tee,6 330 ₽,5 060 ₽,-20%
Футболка Butter Goods Equipment Tee,6 330 ₽,5 060 ₽,-20%
Футболка Butter Goods Feeling Tee,4 720 ₽,3 780 ₽,-20%
Футболка Butter Goods Our World Tee,4 720 ₽,3 780 ₽,-20%
Футболка Butter Goods Beanbag Tee,4 720 ₽,3 780 ₽,-20%
Футболка Butter Goods Octopus Logo Tee,4 720 ₽,3 780 ₽,-20%
Футболка Butter Goods Music For Life Tee,4 720 ₽,3 780 ₽,-20%
Футболка Butter Goods Music For Life Tee,4 720 ₽,3 780 ₽,-20%
Футболка Butter Goods Expedition Tee,4 720 ₽,3 780 ₽,-20%
Футболка Butter Goods Navigate Tee,4 720 ₽,3 780 ₽,-20%
Футболка Butter Goods Expedition Tee,4 720 ₽,3 780 ₽,-20%
Футболка Butter Goods Expedition Tee,4 720 ₽,3 780 ₽,-20%
Футболка Butter Goods Classic Logo Tee,4 720 ₽,3 780 ₽,-20%
Футболка Butter Goods Classic Logo Tee,4 720 ₽,3 780 ₽,-20%
Футболка Butter Goods Wordmark Tee,4 720 ₽,3 780 ₽,-20%
Футболка Butter Goods Wordmark Tee,4 720 ₽,3 780 ₽,-20%
Футболка Butter Goods Classic Logo Tee,4 720 ₽,3 780 ₽,-20%
Футболка Butter Goods Our World Tee,4 720 ₽,3 780 ₽,-20%
Футболка Butter Goods Navigate Tee,4 720 ₽,3 780 ₽,-20%
Футболка Butter Goods Sunflower Logo Tee,4 720 ₽,3 780 ₽,-20%
Футболка Butter Goods Beanbag Tee,4 720 ₽,3 780 ₽,-20%
Толстовка Butter Goods Classic Logo Pullover,8 990 ₽,5 390 ₽,-40%
Толстовка Butter Goods Our World Crewneck,11 490 ₽,9 190 ₽,-20%
Толстовка Butter Goods Feeling Crewneck,11 490 ₽,8 040 ₽,-30%
Толстовка Butter Goods Chenille Logo Crewneck,12 640 ₽,8 850 ₽,-30%
Толстовка Butter Goods Chenille Logo Crewneck,12 640 ₽,8 850 ₽,-30%
Толстовка Butter Goods Sunflower Logo Pullover,10 340 ₽,7 240 ₽,-30%
Толстовка Butter Goods Navigate Pullover,10 340 ₽,7 240 ₽,-30%
Толстовка Butter Goods Navigate Pullover,10 340 ₽,7 240 ₽,-30%
Толстовка Butter Goods Navigate Pullover,10 340 ₽,7 240 ₽,-30%
Толстовка Butter Goods Classic Logo Pullover,10 340 ₽,7 240 ₽,-30%
Куртка Butter Goods Foley Pullover Jacket,15 760 ₽,11 030 ₽,-30%
Куртка Butter Goods Summit Jacket,17 140 ₽,12 000 ₽,-30%
Толстовка Butter Goods High Pile Convertible Jacket,21 260 ₽,14 880 ₽,-30%
Кеды Converse Chuck 70 Explore WP Hi,14 990 ₽,8 990 ₽,-40%
Кеды Converse Run Star Hike Hi,15 300 ₽,9 180 ₽,-40%
Кроссовки PUMA Basket VTG x Butter Goods,11 490 ₽,6 890 ₽,-40%
Кроссовки PUMA Basket VTG x Butter Goods,11 490 ₽,6 890 ₽,-40%
Кроссовки PUMA Basket VTG C x Butter Goods,11 490 ₽,6 890 ₽,-40%
Кроссовки New Balance 327,14 940 ₽,8 960 ₽,-40%
Кроссовки DC SHOES Kalis,9 530 ₽,6 670 ₽,-30%
Кроссовки adidas Originals NMD_R1,14 710 ₽,8 830 ₽,-40%
Кроссовки Vans Sk8-Hi Gym Issue,9 780 ₽,5 870 ₽,-40%
Кроссовки Vans Sid,8 220 ₽,6 580 ₽,-20%
Кроссовки PUMA Cruise Rider Lace Wn's,10 800 ₽,6 480 ₽,-40%
Кроссовки PUMA Suede Crepe,11 490 ₽,6 890 ₽,-40%
Кеды Converse x Space Jam A New Legacy Pro Leather OX,12 080 ₽,7 250 ₽,-40%
Сланцы Birkenstock Barbados EVA,4 930 ₽,3 450 ₽,-30%
Сланцы Birkenstock Barbados EVA,4 930 ₽,3 450 ₽,-30%
Кроссовки Nike Air Max Pre-Day,12 640 ₽,7 580 ₽,-40%
Кроссовки Nike ACG Mountain Fly Low,18 160 ₽,10 900 ₽,-40%
Кеды Converse Pro Leather OX x Keith Haring,10 930 ₽,6 560 ₽,-40%
Кроссовки DC SHOES Williams Slim,7 820 ₽,5 470 ₽,-30%
Кроссовки DC SHOES E. Tribeka SE,7 820 ₽,5 470 ₽,-30%
Кеды Converse Chuck 70 Tape,11 390 ₽,6 830 ₽,-40%
Кеды Converse Chuck 70 OX,12 880 ₽,7 730 ₽,-40%
Кроссовки adidas Originals ZX 8000 J x Lego,10 110 ₽,6 070 ₽,-40%
Кроссовки adidas Originals ZX 8000 J x Lego,10 110 ₽,6 070 ₽,-40%
Кроссовки adidas Originals ZX 8000 J x Lego,10 110 ₽,6 070 ₽,-40%
Кроссовки adidas Originals ZX 8000 J x Lego,10 110 ₽,6 070 ₽,-40%
Кроссовки adidas Originals ZX 8000 J x Lego,10 110 ₽,6 070 ₽,-40%
Футболка Jordan X Aleali May Tee,6 080 ₽,4 860 ₽,-20%
Футболка Converse x Kim Jones,9 320 ₽,6 520 ₽,-30%
Футболка Converse x Kim Jones,9 320 ₽,6 520 ₽,-30%
Куртка Converse x Kim Jones,28 180 ₽,19 730 ₽,-30%
Куртка Converse x Kim Jones,28 180 ₽,19 730 ₽,-30%
Кроссовки adidas Originals PW Solar HU x Pharrell Williams,14 940 ₽,8 960 ₽,-40%
Кроссовки adidas Originals PW 0 TO 60 x Pharrell Williams,16 990 ₽,8 500 ₽,-50%
Кроссовки Nike Air Max 95 x Kim Jones,19 990 ₽,11 990 ₽,-40%
Кеды Converse Pro Leather Hi,13 230 ₽,7 940 ₽,-40%
Брюки Converse Dagger Pant,11 900 ₽,9 520 ₽,-20%
Футболка Converse x Joe Freshgoods Football Crop Top,6 600 ₽,3 300 ₽,-50%
Кроссовки adidas Originals NMD_R1 x Pharell,13 790 ₽,8 270 ₽,-40%
Кроссовки adidas Originals Stan Smith x Pharrell,10 340 ₽,6 200 ₽,-40%
Кроссовки adidas Originals Continental 80 x Pharell,10 340 ₽,6 200 ₽,-40%
Жилет The North Face Steep Tch Vest,24 140 ₽,19 310 ₽,-20%
Кеды Converse Skid Grip Hi Fear Of God,11 990 ₽,7 190 ₽,-40%
Кроссовки Reebok F/S Hi MU,12 990 ₽,6 500 ₽,-50%
Куртка Nike Fear of God Parka,45 990 ₽,27 590 ₽,-40%
Футболка adidas Originals Spain Jersey,6 190 ₽,3 100 ₽,-50%
Кроссовки adidas Originals Superstar W,9 890 ₽,4 950 ₽,-50%
Кроссовки adidas Originals Stan Smith W,9 890 ₽,4 950 ₽,-50%
Куртка Nike Oversize Military Jacke,17 000 ₽,8 500 ₽,-50%
Кроссовки Nike WMNS Air Max Thea Ultra FK MTLC,12 490 ₽,6 250 ₽,-50%
Кроссовки Reebok GS Pump Graphlite,11 990 ₽,6 000 ₽,-50%
Кондиционер для текстиля Hydrop Textile Fresh,1 400 ₽,700 ₽,-50%
Футболка Wemoto  Pimpin,1 800 ₽,900 ₽,-50%
Футболка Wemoto  Pimpin,1 800 ₽,900 ₽,-50%
